Geo Point;Ortsname;Postleitzahl
48.1320629528,11.5122029254;80686
52.5891331728,13.3006951802;13509
49.7224128484,9.2989070067;63927
